{"content":[{"id":"1ad3c434","settings":{"content_width":{"unit":"px","size":800,"sizes":[]},"background_background":"classic","background_color":"#FFFFFF","eae_slider_delay":"5000","gradient_color_list":[{"eae_animated_gradient_color":"#00a6d8","_id":"a7697f6"},{"eae_animated_gradient_color":"#b800c9","_id":"43b465d"},{"eae_animated_gradient_color":"#e57600","_id":"51e1ce3"}],"custom_height":{"unit":"vh","size":100,"sizes":[]},"margin":{"unit":"px","top":"0","right":0,"bottom":"0","left":0,"isLinked":false},"padding":{"unit":"px","top":"20","right":"0","bottom":"60","left":"0","isLinked":false}},"elements":[{"id":"5b6f548d","settings":{"_column_size":100,"_inline_size":null,"eae_slider_delay":"5000","gradient_color_list":[{"eae_animated_gradient_color":"#00a6d8","_id":"800609e"},{"eae_animated_gradient_color":"#b800c9","_id":"9bf85f2"},{"eae_animated_gradient_color":"#e57600","_id":"f055117"}],"border_radius":{"unit":"px","top":"15","right":"15","bottom":"15","left":"15","isLinked":true},"box_shadow_box_shadow_type":"yes","box_shadow_box_shadow":{"horizontal":1,"vertical":1,"blur":8,"spread":-1,"color":"#FF3464"}},"elements":[{"id":"5fc24186","settings":{"editor":"<div class=\"box-cont\"><div class=\"cont-txt-termos\"><div class=\"area-white\"><div class=\"area-white\"><p><span style=\"color: #ff3464;\"><strong>Seu perfil pessoal<\/strong><\/span><br \/>Quando pedimos informa\u00e7\u00f5es sobre voc\u00ea, o nosso principal interesse \u00e9 oferecer servi\u00e7os mais personalizados. N\u00f3s respeitamos a sua privacidade e n\u00e3o a vendemos, nem alugamos, tampouco compartilhamos seu nome e informa\u00e7\u00f5es pessoais com outras organiza\u00e7\u00f5es.<\/p><p>Ao fornecer suas informa\u00e7\u00f5es pessoais e foto, voc\u00ea compreende e consente \u00e0 equipe deste site o uso da sua imagem, foto, v\u00eddeo e coment\u00e1rios. Essas informa\u00e7\u00f5es est\u00e3o dispon\u00edveis em seu perfil p\u00fablico e em nossa comunidade, onde voc\u00ea tamb\u00e9m ver\u00e1 as dos outros membros. Voc\u00ea tem a op\u00e7\u00e3o de negar o uso das suas informa\u00e7\u00f5es ao atualizar suas escolhas em \u201cPrivacidade\u201d \u2013 \u201cConfigura\u00e7\u00f5es de Conta\u201d. De tempos em tempos, n\u00f3s poderemos usar algumas informa\u00e7\u00f5es de clientes em nossos materiais de marketing. Todavia, nunca faremos isso sem antes entrar em contato com voc\u00ea e receber um consentimento por escrito.<\/p><p><span style=\"color: #ff3464;\"><strong>Medidas de seguran\u00e7a<\/strong><\/span><br \/>A seguran\u00e7a de seus dados pessoais \u00e9 importante para n\u00f3s. Seguimos os padr\u00f5es aceitos no ramo para proteger as suas informa\u00e7\u00f5es pessoais que nos s\u00e3o enviadas tanto durante a transmiss\u00e3o de dados quanto ap\u00f3s o recebimento deles. Quando voc\u00ea digita informa\u00e7\u00f5es sigilosas (como seu cart\u00e3o de cr\u00e9dito) em nossos formul\u00e1rios, elas s\u00e3o criptografadas para a transmiss\u00e3o, usando a tecnologia SSL (camada de sockets protegida).<\/p><p>Se voc\u00ea descobrir uma cobran\u00e7a fraudulenta em sua fatura, feita em nome da equipe deste site, por favor, contate-nos e reporte o caso imediatamente para a administradora do cart\u00e3o de acordo com os procedimentos padr\u00f5es deles. O site faz uso de f\u00f3runs, murais e salas de bate-papo. Por favor, lembre-se de que qualquer informa\u00e7\u00e3o que voc\u00ea expuser por esses meios se torna p\u00fablica. Sempre tenha cautela com as informa\u00e7\u00f5es pessoais que voc\u00ea fornece a qualquer pessoa nesses contextos.<\/p><p>Tamb\u00e9m insistimos na verifica\u00e7\u00e3o da senha ao fazer login, para que voc\u00ea e seus dados estejam protegidos contra acessos sem autoriza\u00e7\u00e3o. Se voc\u00ea parar de usar o computador por muito tempo sem encerrar a sua sess\u00e3o na escola, ela ser\u00e1 encerrada automaticamente ap\u00f3s certo tempo.<\/p><p>Apenas funcion\u00e1rios que precisem da informa\u00e7\u00e3o para realizar certas tarefas (como cobran\u00e7a ou atendimento ao aluno, por exemplo) t\u00eam acesso a informa\u00e7\u00f5es pessoais. Os servidores nos quais armazenamos suas informa\u00e7\u00f5es s\u00e3o mantidos em ambiente seguro.<\/p><p>Apesar das pr\u00e1ticas e procedimentos de seguran\u00e7a, como acontece com toda e qualquer rede de computadores na internet, a equipe deste site n\u00e3o pode garantir a seguran\u00e7a de seus dados pessoais ou de quaisquer outros dados passados pela internet e, portanto, n\u00e3o poder\u00e1 ser responsabilizada por falhas de seguran\u00e7a.<\/p><p>Nenhum m\u00e9todo de transmiss\u00e3o de dados ou armazenamento eletr\u00f4nico na internet \u00e9 100% seguro. Deste modo, n\u00e3o podemos garantir a seguran\u00e7a total de seus dados.<\/p><p><span style=\"color: #ff3464;\"><strong>Comunicados do site<\/strong><\/span><br \/>Para enviar a voc\u00ea as li\u00e7\u00f5es di\u00e1rias (E-mail), precisamos de seu endere\u00e7o de e-mail. Como assinante delas, voc\u00ea ser\u00e1 adicionado em nossa lista para envio de e-mails eventuais com atualiza\u00e7\u00f5es de servi\u00e7os, ofertas especiais e promo\u00e7\u00f5es deste site.<\/p><p>Voc\u00ea pode cancelar a sua inscri\u00e7\u00e3o ao receber os e-mails a qualquer momento. Basta clicar no link \u201cRemover e-mail da lista\u201d que aparece no rodap\u00e9 do e-mail que enviamos. Enviaremos an\u00fancios relacionados a servi\u00e7os raramente, apenas quando for necess\u00e1rio.<\/p><p>Por exemplo, se o nosso servi\u00e7o for temporariamente suspenso para manuten\u00e7\u00e3o, \u00e9 poss\u00edvel que enviemos um e-mail para avis\u00e1-lo. Em geral, n\u00e3o \u00e9 poss\u00edvel optar por n\u00e3o receber este \u00faltimo tipo de comunica\u00e7\u00e3o por n\u00e3o serem e-mails promocionais. Se voc\u00ea n\u00e3o quer receber os e-mails de aviso, voc\u00ea pode solicitar o descadastramento.<\/p><p>Prote\u00e7\u00e3o de informa\u00e7\u00e3o de menores Estamos comprometidos a proteger a privacidade dos menores. Esse e todos nossos sites s\u00e3o voltados ao p\u00fablico em geral e n\u00e3o s\u00e3o feitos para atrair crian\u00e7as com menos de 13 anos.<\/p><p>N\u00e3o coletamos, nem solicitamos informa\u00e7\u00f5es pessoais de menores de 13 anos, tampouco enviamos e-mails solicitando dados pessoais, a menos que tenhamos a permiss\u00e3o dos pais ou guardi\u00f5es legais da crian\u00e7a. Inscri\u00e7\u00e3o e cadastro para assinatura deste site oferece cursos e produtos voltados para a \u00e1rea de sa\u00fade e bem estar.<\/p><p>Para fazer um desses cursos, aproveitar o per\u00edodo gr\u00e1tis ou tornar-se usu\u00e1rio de nossa comunidade, voc\u00ea precisa se tornar membro deste site. Durante a inscri\u00e7\u00e3o, coletamos informa\u00e7\u00f5es como seu nome e e- mail.<\/p><p>Tamb\u00e9m pedimos dados demogr\u00e1ficos, como idade e sexo, para criarmos seu perfil. Voc\u00ea tamb\u00e9m pode ter de fornecer seu cart\u00e3o de cr\u00e9dito, caso o servi\u00e7o que pediu seja pago. Essa informa\u00e7\u00e3o \u00e9 criptografada em nosso servidor seguro.<\/p><p>Como membro, voc\u00ea ser\u00e1 adicionado \u00e0 nossa base para receber e- mails eventuais com informa\u00e7\u00f5es de servi\u00e7os, ofertas especiais e promo\u00e7\u00f5es da Universidade da Franquia.<\/p><p><span style=\"color: #ff3464;\"><strong>Web Beacons<\/strong><\/span><br \/>Usamos uma tecnologia chamada clear gifs (tamb\u00e9m conhecida como web beacons ou web bugs), que ajuda a gerenciar melhor o conte\u00fado do site, informando qual funciona melhor. Os clear gifs s\u00e3o pequenos gr\u00e1ficos com um identificador \u00fanico e t\u00eam fun\u00e7\u00e3o similar aos cookies \u2013 s\u00e3o usados para rastrear os movimentos online de usu\u00e1rios da internet. Por\u00e9m, ao contr\u00e1rio dos cookies, que ficam no computador do usu\u00e1rio, os clear gifs s\u00e3o incorporados na pr\u00f3pria p\u00e1gina e s\u00e3o do tamanho de um ponto. N\u00e3o utilizamos os clear gifs que cont\u00eam informa\u00e7\u00f5es pessoais de nossos clientes. Usamos clear gifs em nossos e-mails com formato HTML para sabermos quais s\u00e3o abertos pelos destinat\u00e1rios. Assim, podemos medir a efic\u00e1cia de certas comunica\u00e7\u00f5es e de nossas campanhas. Em alguns e-mails, colocamos conte\u00fado com links para clicar e ser redirecionado para o site do Chave do Cora\u00e7\u00e3o do Homem. Quando os alunos e\/ou clientes clicam em um desses links, passam por um servidor \u00e0 parte antes de chegar \u00e0 p\u00e1gina de destino. Rastreamos os dados de cliques para determinar o interesse por cada assunto e medirmos a efici\u00eancia de nossas comunica\u00e7\u00f5es com o aluno. Caso prefira n\u00e3o ser rastreado assim, n\u00e3o clique em links de texto ou imagens em seus e-mails.<\/p><p><strong><span style=\"color: #ff3464;\">Com quem compartilhamos suas informa\u00e7\u00f5es<\/span><\/strong><br \/>Compartilhamos seus dados pessoais com Keto 30, para que as outras empresas do grupo possam oferecer produtos e servi\u00e7os a voc\u00ea. Como As \u00fanicas informa\u00e7\u00f5es que compartilhamos com o Ketox 30 s\u00e3o seu nome, faixa et\u00e1ria, e-mail e pa\u00eds. Se n\u00e3o quiser que elas sejam compartilhadas, entre em contato com nosso atendimento pelo e-mail contato@ketox30.com<\/p><p>Podemos fornecer seus dados a empresas que prestem servi\u00e7os e que nos ajudem em nossas atividades, como o processamento de pagamentos ou a oferta de atendimento. Essas empresas est\u00e3o autorizadas a usar seus dados apenas se necess\u00e1rio para presta\u00e7\u00e3o de servi\u00e7os a n\u00f3s. Tamb\u00e9m podemos passar seus dados:<\/p><p>- conforme exigido por lei para atender a intima\u00e7\u00f5es ou processos legais similares;<\/p><p>- quando acreditarmos, de boa f\u00e9, que a quebra de sigilo \u00e9 necess\u00e1ria para protegermos nossos direitos, proteger sua seguran\u00e7a ou a seguran\u00e7a de outros, investigar fraudes ou atender a um pedido do governo;<\/p><p>- caso a Universidade da Franquia se envolva numa fus\u00e3o, aquisi\u00e7\u00e3o, ou seja vendida em termos ou ao todo, voc\u00ea ser\u00e1 notificado por e-mail, ou por um aviso bem claro em nosso site, de qualquer mudan\u00e7a nesse sentido, ou no uso de suas informa\u00e7\u00f5es pessoais, bem como de qualquer nova situa\u00e7\u00e3o que envolva os seus dados pessoais sendo divulgados a terceiros, a fim de que isso nunca seja feito sem consentimento.<\/p><p><span style=\"color: #ff3464;\"><strong>Cookies<\/strong><\/span><br \/>\u200b\u200b\u201cCookies\u201d s\u00e3o pequenas informa\u00e7\u00f5es que gravamos no browser que voc\u00ea utiliza para navegar ou no hard drive. N\u00f3s e nossos parceiros usamos os cookies para nos lembrarmos de informa\u00e7\u00f5es pessoais quando voc\u00ea visita nosso site. Por exemplo, caso opte por visualizar nosso site em franc\u00eas, armazenaremos essa informa\u00e7\u00e3o nos cookies para que mostremos o site sempre em franc\u00eas para voc\u00ea. Tamb\u00e9m usamos os cookies para gravar seu login, a fim de facilitar seu acesso ao site. A maioria dos browsers permite que voc\u00ea opte por n\u00e3o permitir que cookies sejam armazenados em seu computador. Usamos cookies para a sess\u00e3o e cookies persistentes. O cookie de sess\u00e3o expira assim que voc\u00ea fecha o browser. O cookie persistente continua em seu computador por um per\u00edodo maior. Al\u00e9m disso, usamos um prestador de servi\u00e7os para rastrear o comportamento de visitantes em nosso site. Contudo, n\u00e3o temos acesso a seus cookies, tampouco os controlamos. As informa\u00e7\u00f5es coletadas pela empresa prestadora de servi\u00e7os s\u00e3o an\u00f4nimas e usadas para melhorar nossos servi\u00e7os e campanhas de marketing. Como acontece na maioria dos sites, recolhemos informa\u00e7\u00f5es automaticamente e as salvamos em arquivos. Nessas informa\u00e7\u00f5es, est\u00e3o inclusos o endere\u00e7o de IP, tipo de browser e idioma, provedor de servi\u00e7o, p\u00e1ginas de refer\u00eancia, sistema operacional, data\/hora e informa\u00e7\u00f5es de cliques no site. Usamos essas informa\u00e7\u00f5es para entender e analisar tend\u00eancias, administrar o site, aprender sobre o comportamento dos usu\u00e1rios e reunir informa\u00e7\u00f5es demogr\u00e1ficas sobre nossa base de usu\u00e1rios como um todo.<\/p><p><span style=\"color: #ff3464;\"><strong>Quizzes and Contests<\/strong><\/span><br \/>Podemos dar a oportunidade aos alunos e visitantes de participarem de quizzes (testes) ou concursos em nosso site. Caso voc\u00ea participe, pediremos informa\u00e7\u00f5es e dados pessoais. A participa\u00e7\u00e3o em quizzes e concursos \u00e9 completamente volunt\u00e1ria e, portanto, voc\u00ea tem a op\u00e7\u00e3o de n\u00e3o fornecer suas informa\u00e7\u00f5es. As informa\u00e7\u00f5es pedidas costumam incluir informa\u00e7\u00f5es de contato (como nome e e-mail) e dados demogr\u00e1ficos (como CEP). Usamos essas informa\u00e7\u00f5es para personalizar os comunicados enviados a voc\u00ea e sugerir produtos e servi\u00e7os mais relevantes.<\/p><p><span style=\"color: #ff3464;\"><strong>F\u00f3runs p\u00fablicos<\/strong><\/span><br \/>Nossos sites oferecem blogs, f\u00f3runs e comunidades acess\u00edveis ao p\u00fablico em geral. Esteja ciente de que qualquer dado fornecido por voc\u00ea nessas \u00e1reas do site pode ser lido, coletado e usado por outros que as acessem. Para pedir que uma informa\u00e7\u00e3o pessoal seja retirada de um blog, f\u00f3rum ou comunidade, entre em contato com a escola atrav\u00e9s do email contato@ketox30.com Em alguns casos, talvez n\u00e3o seja poss\u00edvel remover a informa\u00e7\u00e3o. Se for o caso, n\u00f3s avisaremos voc\u00ea e explicaremos o motivo.<\/p><p><span style=\"color: #ff3464;\"><strong>Links para outros websites<\/strong><\/span><br \/>\u200bEste site cont\u00e9m links para outros sites. Por favor, esteja ciente de que Ketox 30 n\u00e3o \u00e9 respons\u00e1vel pelos sistemas de privacidade de outros sites. N\u00f3s incentivamos nossos usu\u00e1rios a serem cautelosos ao sa\u00edrem do nosso site e recomendamos que leiam os termos de uso de qualquer website que colete informa\u00e7\u00e3o pessoal identific\u00e1vel. Estas pol\u00edticas de privacidade se aplicam apenas para informa\u00e7\u00f5es recebidas pelo website do Ketox 30.<\/p><\/div><\/div><\/div><\/div>","text_color":"#6E6E6E","typography_typography":"custom","typography_font_family":"Spartan","typography_font_size":{"unit":"px","size":16,"sizes":[]},"typography_font_weight":"400","_margin":{"unit":"px","top":"0","right":"0","bottom":"0","left":"0","isLinked":false},"_padding":{"unit":"px","top":"30","right":"30","bottom":"30","left":"30","isLinked":false},"_background_background":"classic","_background_color":"#FFFFFF","_border_radius":{"unit":"px","top":"20","right":"20","bottom":"20","left":"20","isLinked":true},"_offset_x":{"unit":"px","size":"","sizes":[]},"_offset_y":{"unit":"px","size":-365,"sizes":[]}},"elements":[],"isInner":false,"widgetType":"text-editor","elType":"widget"}],"isInner":false,"elType":"column"}],"isInner":false,"elType":"section"}],"page_settings":{"eael_ext_toc_title":"Table of Contents"},"version":"0.4","title":"Templete Apollo Finch &#8211; Pol\u00edticas de Privacidade","type":"section"}